supplier_id,supplier_name
1,Vishmitha Construction
2,R & H Production
3,Samjeewa Transport
4,Mahinda Supplier
5,Ushan Enterprices
6,Hiranya Transport & Construction
7,Ajith Chandrika Aberathna
8,Priyantha Suppliers
9,Thisav Hardware
10,Ositha Distributer
11,Priyantha Industries
12,Janatha Hardware
13,Praneeth Hardware
14,Wilson Hardware And Electricals
15,Upul Hardware
16,New Jayalanka Hardware
17,Singha Hardware
18,"Sehas Enterprises, NS Enterprices"
19,Puwakaramba Enterprices (pvt) Ltd
20,Thisara Enterprises
21,Hichem Marketing (pvt) Ltd
22,Vajira Transport
23,L G Sumith Asanka Jaywardhana
24,Thisitha Senarath Metal Crusher
25,K P N Hardware
26,Ruhunu Hardware
27,New Central Stores & Distributors (pvt) Ltd
28,Francy Traders
29,J J Industries
30,M N Wijethunga & Sons (pvt) Ltd
31,Pradeep Paint Center
32,Elcardo Industries (pvt) Ltd
